ZINC41465920; 0.964; O=C(C1CCCCC1)N[C@H](C(=O)O)Cc1ccccc1C
ZINC41465922; 0.960; O=C(C1CCCCC1)NC(C(=O)O)Cc1ccccc1C
ZINC41517846; 0.953; Cc1ccc(c(c1)C[C@@H](C(=O)O)NC(=O)C1CCCCC1)C
ZINC41412937; 0.952; OC(=O)[C@H](Cc1ccccc1C)NC(=O)C1CCCC1
ZINC41465945; 0.949; OC(=O)C(Cc1cc(C)ccc1C)NC(=O)C1CCCC1
ZINC41412939; 0.948; OC(=O)C(Cc1ccccc1C)NC(=O)C1CCCC1
ZINC41465948; 0.943; OC(=O)C(Cc1ccc(cc1C)C)NC(=O)C1CCCC1
ZINC41465946; 0.943; OC(=O)C(Cc1ccc(cc1C)C)NC(=O)C1CCCC1
ZINC41517858; 0.942; OC(=O)[C@H](Cc1c(C)cc(cc1C)C)NC(=O)C1CCCC1
ZINC41517849; 0.942; Cc1ccc(c(c1)CC(C(=O)O)NC(=O)C1CCCCC1)C
ZINC41465943; 0.941; OC(=O)[C@H](Cc1cc(C)ccc1C)NC(=O)C1CCCC1
ZINC41517855; 0.938; OC(=O)C(Cc1ccc(cc1C)C)NC(=O)C1CCCCC1
ZINC41517852; 0.938; OC(=O)C(Cc1ccc(cc1C)C)NC(=O)C1CCCCC1
ZINC41517861; 0.934; OC(=O)[C@@H](Cc1c(C)cc(cc1C)C)NC(=O)C1CCCC1
ZINC49992032; 0.934; CC1CCC(CC1)C(=O)NC(C(=O)O)Cc1ccccc1
ZINC21958040; 0.917; O=C(N[C@@H](C(=O)O)Cc1ccccc1)CC1CCCC1
ZINC41429833; 0.914; CCCC(=O)N[C@H](C(=O)O)Cc1c(C)cc(cc1C)C
ZINC97035419; 0.912; O=C(C1CC21CCCc1c2cccc1)NC(C(=O)O)(C)C
ZINC97035417; 0.912; O=C(C1CC21CCCc1c2cccc1)NC(C(=O)O)(C)C
ZINC76528663; 0.911; OC(=O)[C@H](Cc1c(C)c(C)cc(c1C)C)NC(=O)C1CC1
ZINC95424505; 0.911; O=C([C@H]1CCN(C(=O)C1)C)NC1(Cc2c(C1)cccc2)C(=O)O
ZINC04205294; 0.910; OC(=O)C(NC(=O)C12CC3CC(C2)CC(C1)C3)Cc1ccccc1
ZINC95424506; 0.909; O=C([C@@H]1CCN(C(=O)C1)C)NC1(Cc2c(C1)cccc2)C(=O)O
ZINC76519476; 0.907; OC(=O)C(Cc1ccc2c(c1)CCCC2)NC(=O)C1CC1
ZINC76519473; 0.907; OC(=O)C(Cc1ccc2c(c1)CCCC2)NC(=O)C1CC1
ZINC21958045; 0.905; O=C(NC(C(=O)O)Cc1ccccc1)CC1CCCC1
ZINC13153194; 0.905; O=C(C1CCCCC1)NC(C(=O)O)Cc1ccccc1
ZINC13153193; 0.905; O=C(C1CCCCC1)NC(C(=O)O)Cc1ccccc1
ZINC38020669; 0.901; CCCN(C(=O)[C@@H]1CCCc2c1cccc2)CC(=O)O
ZINC19708159; 0.900; OC(=O)[C@H](N1C(=O)[C@@H]2[C@H](C1=O)CCCC2)Cc1ccccc1
ZINC29225880; 0.900; CC[C@@H]1CC[C@H](CC1)C(=O)N[C@@H](C(=O)O)Cc1ccccc1
ZINC38020670; 0.898; CCCN(C(=O)[C@H]1CCCc2c1cccc2)CC(=O)O
ZINC38036209; 0.897; O=C(Cc1ccccc1C)NC(C1CCCCC1)C(=O)O
ZINC38036208; 0.897; O=C(Cc1ccccc1C)NC(C1CCCCC1)C(=O)O
ZINC41429836; 0.897; CCCC(=O)N[C@@H](C(=O)O)Cc1c(C)cc(cc1C)C
ZINC49992031; 0.897; CC1CCC(CC1)C(=O)NC(C(=O)O)Cc1ccccc1
ZINC05368543; 0.895; OC(=O)[C@@H](N1C(=O)[C@@H]2[C@H](C1=O)[C@H]1C[C@@H]2CC1)Cc1ccccc1
ZINC41356293; 0.894; CCCC(=O)N[C@H](C(=O)O)Cc1ccc(cc1C)C
ZINC05368544; 0.892; OC(=O)[C@H](N1C(=O)[C@@H]2[C@H](C1=O)[C@H]1C[C@@H]2CC1)Cc1ccccc1
ZINC41412975; 0.891; OC(=O)[C@H](Cc1c(C)cc(cc1C)C)NC(=O)C1CC1
ZINC95969643; 0.889; O=C([C@H]1CCc2c1cccc2)NC1(CCCC1)C(=O)O
ZINC95521769; 0.887; O=C(NC1(CCCC1)C(=O)O)C[C@H]1CCc2c1cccc2
ZINC04825489; 0.886; OC(=O)[C@H](N1C(=O)[C@@H]2[C@@H](C1=O)CCCC2)Cc1ccccc1
ZINC05368546; 0.886; OC(=O)C(N1C(=O)C2C(C1=O)C1CC2CC1)Cc1ccccc1
ZINC05368545; 0.886; OC(=O)C(N1C(=O)C2C(C1=O)C1CC2CC1)Cc1ccccc1
ZINC13168533; 0.886; O=C(NC1(CCCCC1)C(=O)O)Cc1ccccc1C
ZINC41356285; 0.885; CCCC(=O)N[C@H](C(=O)O)Cc1cc(C)ccc1C
ZINC95969644; 0.883; O=C([C@@H]1CCc2c1cccc2)NC1(CCCC1)C(=O)O
ZINC95521770; 0.883; O=C(NC1(CCCC1)C(=O)O)C[C@@H]1CCc2c1cccc2
ZINC41356300; 0.883; CCC(=O)N[C@@H](C(=O)O)Cc1c(C)cc(cc1C)C
ZINC41483198; 0.882; O=C(C1CCCCC1)N[C@@H](C(=O)O)Cc1ccccc1F
ZINC41544497; 0.882; Clc1cccc(c1)C[C@H](C(=O)O)NC(=O)C1CCCCC1
ZINC04825486; 0.879; OC(=O)[C@@H](N1C(=O)[C@@H]2[C@@H](C1=O)CCCC2)Cc1ccccc1
ZINC19510717; 0.879; O=C(C(c1ccccc1)(C)C)NC1(CCCCC1)C(=O)O
ZINC41517838; 0.879; CCc1ccc(cc1)C[C@H](C(=O)O)NC(=O)C1CCCCC1
ZINC41356296; 0.879; CCCC(=O)N[C@@H](C(=O)O)Cc1ccc(cc1C)C
ZINC01845206; 0.878; O=C(N[C@H](C(=O)O)Cc1ccccc1)CCc1ccccc1
ZINC19708161; 0.877; OC(=O)[C@@H](N1C(=O)[C@@H]2[C@H](C1=O)CCCC2)Cc1ccccc1
ZINC41412977; 0.877; OC(=O)[C@@H](Cc1c(C)cc(cc1C)C)NC(=O)C1CC1
ZINC19806768; 0.877; CC[C@H](c1ccccc1)C(=O)NC1(CCCCC1)C(=O)O
ZINC19806769; 0.877; CCC(c1ccccc1)C(=O)NC1(CCCCC1)C(=O)O
ZINC76528667; 0.876; OC(=O)[C@@H](Cc1c(C)c(C)cc(c1C)C)NC(=O)C1CC1
ZINC41429828; 0.875; OC(=O)[C@H](Cc1c(C)cc(cc1C)C)NC(=O)C(C)C
ZINC33995313; 0.875; O=C(Cc1ccccc1)N[C@@H](C(=O)O)C1CCCCC1
ZINC19392784; 0.875; CC[C@H](c1ccccc1)C(=O)N[C@@H](C(=O)O)CC(C)C
ZINC11891064; 0.875; CCCCC(=O)N[C@H](C(=O)O)Cc1ccccc1
ZINC76438359; 0.874; OC(=O)C(Cc1cc(C)c(cc1C)C)NC(=O)C1CC1
ZINC76438358; 0.874; OC(=O)C(Cc1cc(C)c(cc1C)C)NC(=O)C1CC1
ZINC41356289; 0.873; OC(=O)[C@H](Cc1ccc(cc1C)C)NC(=O)C(C)C
ZINC11891067; 0.873; CCCCC(=O)N[C@@H](C(=O)O)Cc1ccccc1
ZINC22219609; 0.871; O=C(N[C@H](C(=O)O)Cc1ccccc1)CCC1CCCC1
ZINC22219606; 0.871; O=C(NC(C(=O)O)Cc1ccccc1)CCC1CCCC1
ZINC19269886; 0.866; CC[C@@H](c1ccccc1)C(=O)N[C@@H](C(=O)O)[C@H](CC)C
ZINC41303106; 0.866; CCCC(=O)N[C@H](C(=O)O)Cc1ccccc1C
ZINC04654792; 0.865; OC(=O)[C@@H](Cc1ccccc1)NC(=O)[C@H]1CCC[C@@H](C1)C(C)C
ZINC11891095; 0.865; CCC(C(=O)N[C@@H](C(=O)O)Cc1ccccc1)CC
ZINC97035421; 0.864; O=C([C@H]1C[C@@]21CCCc1c2cccc1)NC(C(=O)O)(C)C
ZINC41356287; 0.864; CCCC(=O)N[C@@H](C(=O)O)Cc1cc(C)ccc1C
ZINC76528677; 0.864; CC(c1ccc(c(c1)CC(C(=O)O)NC(=O)C1CC1)C)C
ZINC76528673; 0.864; CC(c1ccc(c(c1)CC(C(=O)O)NC(=O)C1CC1)C)C
ZINC37435307; 0.863; OC(=O)[C@@H]1CCCN1C(=O)[C@@H]1CCCc2c1cccc2
ZINC41429831; 0.863; OC(=O)[C@@H](Cc1c(C)cc(cc1C)C)NC(=O)C(C)C
ZINC41517844; 0.863; CC(c1ccc(cc1)C[C@H](C(=O)O)NC(=O)C1CCCC1)C
ZINC19266469; 0.861; O=C(Cc1ccccc1C)N[C@@H](C(=O)O)Cc1ccccc1
ZINC19270964; 0.861; CC[C@@H]([C@H](C(=O)O)NC(=O)Cc1ccccc1C)C
ZINC59817893; 0.861; CC(=O)N[C@@H](C(=O)O)Cc1c(C)c(C)c(c(c1C)C)C
ZINC41465926; 0.860; Cc1cccc(c1)CC(C(=O)O)NC(=O)C1CCCCC1
ZINC41465924; 0.860; Cc1cccc(c1)CC(C(=O)O)NC(=O)C1CCCCC1
ZINC37435306; 0.859; OC(=O)[C@@H]1CCCN1C(=O)[C@H]1CCCc2c1cccc2
ZINC95399170; 0.859; OC(=O)[C@@H](Cc1ccccc1)NC(=O)[C@H]1CCN(C(=O)C1)C
ZINC95399171; 0.859; OC(=O)[C@@H](Cc1ccccc1)NC(=O)[C@@H]1CCN(C(=O)C1)C
ZINC33995312; 0.858; O=C(Cc1ccccc1)N[C@H](C(=O)O)C1CCCCC1
ZINC41429819; 0.858; CCCC(=O)N[C@@H](C(=O)O)Cc1ccc(cc1)C(C)C
ZINC41350877; 0.856; OC(=O)[C@H](Cc1ccc(cc1C)C)NC(=O)C1CC1
ZINC04416932; 0.856; CCCCCC1C(NC(=O)C1c1ccccc1)C(=O)O
ZINC95399169; 0.855; OC(=O)[C@H](Cc1ccccc1)NC(=O)[C@@H]1CCN(C(=O)C1)C
ZINC37435305; 0.854; OC(=O)[C@H]1CCCN1C(=O)[C@@H]1CCCc2c1cccc2
ZINC41350870; 0.853; OC(=O)[C@H](Cc1cc(C)ccc1C)NC(=O)C1CC1
ZINC59817890; 0.851; CC(=O)N[C@H](C(=O)O)Cc1c(C)c(C)c(c(c1C)C)C
ZINC95399168; 0.850; OC(=O)[C@H](Cc1ccccc1)NC(=O)[C@H]1CCN(C(=O)C1)C
ZINC41483200; 0.850; OC(=O)[C@@H](Cc1ccc(cc1)F)NC(=O)C1CCCCC1
ZINC71628246; 0.848; CC(=O)NC(C(=O)O)Cc1cc(ccc1C)C(C)(C)C
ZINC97035415; 0.845; O=C([C@@H]1C[C@]21CCCc1c2cccc1)NC(C(=O)O)(C)C
ZINC41356298; 0.845; CCC(=O)N[C@H](C(=O)O)Cc1c(C)cc(cc1C)C
ZINC37435304; 0.844; OC(=O)[C@H]1CCCN1C(=O)[C@H]1CCCc2c1cccc2
ZINC38016630; 0.844; CCN(C(=O)[C@@H]1CCCc2c1cccc2)CC(=O)O
ZINC38019765; 0.844; CCCN(C(=O)C1(CCCC1)c1ccccc1)CC(=O)O
ZINC41483197; 0.843; O=C(C1CCCCC1)NC(C(=O)O)Cc1ccccc1F
ZINC19399579; 0.843; CC(C[C@@H](C(=O)O)NC(=O)Cc1ccccc1C)C
ZINC41544503; 0.842; OC(=O)[C@@H](Cc1ccc(cc1)Cl)NC(=O)C1CCCCC1
ZINC41303110; 0.842; CCCC(=O)N[C@@H](C(=O)O)Cc1ccccc1C
ZINC41483199; 0.841; OC(=O)[C@H](Cc1ccc(cc1)F)NC(=O)C1CCCCC1
ZINC19803399; 0.839; CCC(C(c1ccccc1)C(=O)NC(C(=O)O)C(C)C)C
ZINC97050028; 0.838; OC(=O)[C@H]1CCCCN1C(=O)C[C@@H]1CCc2c1cccc2
ZINC97050026; 0.838; OC(=O)C1CCCCN1C(=O)CC1CCc2c1cccc2
ZINC04205295; 0.837; OC(=O)[C@H](NC(=O)C12CC3CC(C2)CC(C1)C3)Cc1ccccc1
ZINC19803396; 0.837; CC[C@H]([C@H](c1ccccc1)C(=O)N[C@H](C(=O)O)C(C)C)C
ZINC41350881; 0.836; OC(=O)C(Cc1ccc(cc1C)C)NC(=O)C1CC1
ZINC41356291; 0.836; OC(=O)C(Cc1ccc(cc1C)C)NC(=O)C(C)C
ZINC41544488; 0.836; O=C(C1CCCCC1)NC(C(=O)O)Cc1ccccc1Cl
ZINC19270966; 0.836; CC[C@H]([C@@H](C(=O)O)NC(=O)Cc1ccccc1C)C
ZINC19270962; 0.836; CCC(C(C(=O)O)NC(=O)Cc1ccccc1C)C
ZINC95497001; 0.835; O=C(C1CCN(CC1)C(=O)C1CCCC1)NC(C(=O)O)Cc1ccccc1
ZINC41412951; 0.835; CC(c1ccc(cc1)C[C@H](C(=O)O)NC(=O)C1CC1)C
ZINC41303212; 0.834; CCC(=O)N[C@H](C(=O)O)Cc1ccc(cc1C)C
ZINC41485586; 0.833; OC(=O)C(Cc1ccccc1Cl)NC(=O)C1CCCC1
ZINC95989631; 0.833; O=C(C1CC1c1ccccc1C)NC(C1CC1)(C(=O)O)C
ZINC95989630; 0.833; O=C(C1CC1c1ccccc1C)NC(C1CC1)(C(=O)O)C
ZINC95989629; 0.833; O=C(C1CC1c1ccccc1C)NC(C1CC1)(C(=O)O)C
ZINC95989628; 0.833; O=C(C1CC1c1ccccc1C)NC(C1CC1)(C(=O)O)C
ZINC36428546; 0.833; CC(=O)N[C@H](C(=O)O)Cc1ccc2c(c1)CCCC2
ZINC38036043; 0.832; O=C(NC(C(=O)O)C1CCCCC1)CCc1ccccc1
ZINC38036042; 0.832; O=C(NC(C(=O)O)C1CCCCC1)CCc1ccccc1
ZINC01845204; 0.830; O=C(N[C@@H](C(=O)O)Cc1ccccc1)CCc1ccccc1
ZINC41412949; 0.830; CC(c1ccc(cc1)C[C@@H](C(=O)O)NC(=O)C1CC1)C
ZINC22143089; 0.828; C[C@H]1C[C@@H]1C(=O)N[C@H](C(=O)O)Cc1ccccc1
ZINC19399577; 0.828; CC(C[C@H](C(=O)O)NC(=O)Cc1ccccc1C)C
ZINC41433884; 0.827; OC(=O)[C@@H](Cc1ccccc1F)NC(=O)C1CCCC1
ZINC19392778; 0.827; CC[C@H](c1ccccc1)C(=O)N[C@H](C(=O)O)CC(C)C
ZINC19392781; 0.827; CCC(c1ccccc1)C(=O)NC(C(=O)O)CC(C)C
ZINC95424510; 0.827; CC(C(=O)NC1(Cc2c(C1)cccc2)C(=O)O)C
ZINC19803397; 0.826; CC[C@@H]([C@H](c1ccccc1)C(=O)N[C@H](C(=O)O)C(C)C)C
ZINC38016631; 0.824; CCN(C(=O)[C@H]1CCCc2c1cccc2)CC(=O)O
ZINC41544500; 0.821; OC(=O)[C@H](Cc1ccc(cc1)Cl)NC(=O)C1CCCCC1
ZINC19803398; 0.821; CC[C@H]([C@@H](c1ccccc1)C(=O)N[C@H](C(=O)O)C(C)C)C
ZINC38036403; 0.820; O=C(Cc1ccc(cc1)C)NC(C(=O)O)C1CCCCC1
ZINC38036402; 0.820; O=C(Cc1ccc(cc1)C)NC(C(=O)O)C1CCCCC1
ZINC41532586; 0.820; COc1ccc(cc1)C[C@H](C(=O)O)NC(=O)C1CCCCC1
ZINC41303100; 0.819; OC(=O)[C@H](Cc1ccccc1C)NC(=O)C(C)C
ZINC62458807; 0.819; CC[C@H](C(=O)O)NC(=O)CCCc1c(C)cc(cc1C)C
ZINC76811601; 0.818; OC(=O)C[C@H](c1ccccc1C)C(=O)NC1CCCCC1
ZINC95522760; 0.818; O=C(NC(C(=O)O)(C)C)C[C@H]1CCc2c1cccc2
ZINC95522759; 0.818; O=C(NC(C(=O)O)(C)C)CC1CCc2c1cccc2
ZINC41544491; 0.817; O=C(C1CCCCC1)N[C@@H](C(=O)O)Cc1ccccc1Cl
ZINC19273242; 0.817; CC[C@H](c1ccccc1)C(=O)N[C@@H](C(=O)O)C(C)C
ZINC19407888; 0.817; CC[C@H]([C@H](C(=O)O)NC(=O)C(c1ccccc1)(C)C)C
ZINC62459365; 0.817; CC[C@H](C(=O)O)NC(=O)CCCc1c(C)c(C)cc(c1C)C
ZINC41356229; 0.817; CCCC(=O)N[C@@H](C(=O)O)Cc1ccc(cc1)CC
ZINC22176256; 0.816; OC(=O)[C@@H](Cc1ccccc1)NC(=O)CC(C)(C)C
ZINC76723628; 0.816; OC(=O)C[C@@H](c1ccccc1C)C(=O)NC1CCCC1
ZINC22176253; 0.816; OC(=O)C(Cc1ccccc1)NC(=O)CC(C)(C)C
ZINC19266467; 0.816; O=C(Cc1ccccc1C)NC(C(=O)O)Cc1ccccc1
ZINC41479144; 0.816; COc1ccc(cc1)C[C@H](C(=O)O)NC(=O)C1CCCC1
ZINC19270968; 0.816; CC[C@@H]([C@@H](C(=O)O)NC(=O)Cc1ccccc1C)C
ZINC19273237; 0.815; CC[C@H](c1ccccc1)C(=O)N[C@H](C(=O)O)C(C)C
ZINC19273244; 0.815; CCC(c1ccccc1)C(=O)NC(C(=O)O)C(C)C
ZINC95531261; 0.814; O=C([C@@]1(CC1(C)C)c1ccc(cc1)F)NC1(CCCC1)C(=O)O
ZINC41479844; 0.814; CCCC(=O)N[C@@H](C(=O)O)Cc1ccc(cc1)C(C)(C)C
ZINC00009689; 0.814; CC([C@@H]1CC[C@H](CC1)C(=O)N[C@@H](C(=O)O)Cc1ccccc1)C
ZINC36428547; 0.813; CC(=O)N[C@@H](C(=O)O)Cc1ccc2c(c1)CCCC2
ZINC19269890; 0.812; CCC(c1ccccc1)C(=O)NC(C(=O)O)C(CC)C
ZINC19269888; 0.812; CCC(c1ccccc1)C(=O)NC(C(=O)O)C(CC)C
ZINC19269884; 0.812; CCC(c1ccccc1)C(=O)NC(C(=O)O)C(CC)C
ZINC01846916; 0.812; CC(C1CCC(CC1)C(=O)NC(C(=O)O)Cc1ccccc1)C
ZINC41485592; 0.811; OC(=O)[C@@H](Cc1cccc(c1)Cl)NC(=O)C1CCCC1
ZINC19511563; 0.810; O=C(Cc1ccccc1)NC1(CCCCC1)C(=O)O
ZINC22143092; 0.810; C[C@@H]1C[C@H]1C(=O)N[C@H](C(=O)O)Cc1ccccc1
ZINC41298964; 0.809; OC(=O)[C@H](Cc1ccccc1C)NC(=O)C1CC1
ZINC95503415; 0.809; O=C(C1CCN(CC1)C(=O)C1CC1)N[C@H](C(=O)O)Cc1ccc(cc1)F
ZINC41303216; 0.808; CCC(=O)N[C@@H](C(=O)O)Cc1ccc(cc1C)C
ZINC19407890; 0.807; CC[C@@H]([C@H](C(=O)O)NC(=O)C(c1ccccc1)(C)C)C
ZINC41356283; 0.806; OC(=O)C(Cc1cc(C)ccc1C)NC(=O)C(C)C
ZINC41356281; 0.806; OC(=O)C(Cc1cc(C)ccc1C)NC(=O)C(C)C
ZINC89830031; 0.806; O=C(C1CCN(CC1)C(=O)C1CC1)NC(C(=O)O)Cc1ccccc1
ZINC89830028; 0.806; O=C(C1CCN(CC1)C(=O)C1CC1)NC(C(=O)O)Cc1ccccc1
ZINC76417469; 0.805; OC(=O)C(Cc1ccc2c(c1)CCC2)NC(=O)C1CC1
ZINC76417466; 0.805; OC(=O)C(Cc1ccc2c(c1)CCC2)NC(=O)C1CC1
ZINC19275143; 0.804; OC(=O)[C@@H]1CCCCN1C(=O)Cc1ccccc1C
ZINC41465930; 0.804; OC(=O)C(Cc1ccc(cc1)C)NC(=O)C1CCCCC1
ZINC41465928; 0.804; OC(=O)C(Cc1ccc(cc1)C)NC(=O)C1CCCCC1
ZINC41544494; 0.804; Clc1cccc(c1)C[C@@H](C(=O)O)NC(=O)C1CCCCC1
ZINC71628245; 0.804; CC(=O)N[C@H](C(=O)O)Cc1cc(ccc1C)C(C)(C)C
ZINC19407894; 0.803; CCC(C(C(=O)O)NC(=O)C(c1ccccc1)(C)C)C
ZINC19407892; 0.803; CCC(C(C(=O)O)NC(=O)C(c1ccccc1)(C)C)C
ZINC97017870; 0.802; CCCC(C(=O)O)(NC(=O)C1CC1c1ccccc1)C
ZINC97017868; 0.802; CCCC(C(=O)O)(NC(=O)C1CC1c1ccccc1)C
ZINC97017866; 0.802; CCCC(C(=O)O)(NC(=O)C1CC1c1ccccc1)C
ZINC97017864; 0.802; CCCC(C(=O)O)(NC(=O)C1CC1c1ccccc1)C
ZINC41350873; 0.801; OC(=O)C(Cc1cc(C)ccc1C)NC(=O)C1CC1
ZINC38036049; 0.801; O=C(Cc1ccccc1F)N[C@H](C1CCCCC1)C(=O)O
ZINC41429813; 0.801; CC(C(=O)N[C@@H](C(=O)O)Cc1ccc(cc1)C(C)C)C
ZINC95399175; 0.800; CCCC(=O)N1CCC(CC1)C(=O)N[C@@H](C(=O)O)Cc1ccccc1
ZINC22014080; 0.799; O=C(OC(C)(C)C)N[C@@H]([C@H]1CCc2c1cccc2)C(=O)O
ZINC02382498; 0.799; O=C(OC(C)(C)C)NC(C1CCc2c1cccc2)C(=O)O
ZINC38036237; 0.799; O=C(Cc1ccc(cc1)Cl)N[C@@H](C(=O)O)C1CCCCC1
ZINC11891092; 0.799; CCC(C(=O)N[C@H](C(=O)O)Cc1ccccc1)CC
ZINC11891072; 0.799; CC(CC(=O)N[C@@H](C(=O)O)Cc1ccccc1)C
ZINC71595438; 0.799; CC(=O)N[C@H](C(=O)O)Cc1c(C)c(C)cc(c1C)C
ZINC76536978; 0.798; COc1cc(C)c(cc1C)CC(C(=O)O)NC(=O)C1CC1
ZINC76536974; 0.798; COc1cc(C)c(cc1C)CC(C(=O)O)NC(=O)C1CC1
ZINC19392787; 0.798; CC[C@@H](c1ccccc1)C(=O)N[C@@H](C(=O)O)CC(C)C
ZINC19395463; 0.798; CC(CC(C(=O)O)NC(=O)C(c1ccccc1)(C)C)C
ZINC19395459; 0.798; CC(CC(C(=O)O)NC(=O)C(c1ccccc1)(C)C)C
ZINC71595439; 0.798; CC(=O)N[C@@H](C(=O)O)Cc1c(C)c(C)cc(c1C)C
ZINC38036019; 0.797; O=C(Cc1ccc(cc1)F)N[C@@H](C(=O)O)C1CCCCC1
ZINC41483258; 0.797; COCCC(=O)N[C@H](C(=O)O)Cc1c(C)cc(cc1C)C
ZINC38036047; 0.796; O=C(Cc1ccc(cc1)Br)N[C@@H](C(=O)O)C1CCCCC1
ZINC03866363; 0.795; O=C(CC12CC3CC(C2)CC(C1)C3)NC(C(=O)O)Cc1ccccc1
ZINC03866362; 0.795; O=C(CC12CC3CC(C2)CC(C1)C3)NC(C(=O)O)Cc1ccccc1
ZINC62456728; 0.795; CC[C@H](C(=O)O)NC(=O)CCCc1ccc2c(c1)CCCC2
ZINC83262271; 0.795; CC(=O)NC(C(=O)O)Cc1cc(ccc1C)C(C)C
ZINC83262269; 0.795; CC(=O)NC(C(=O)O)Cc1cc(ccc1C)C(C)C
ZINC19283201; 0.793; CC[C@H](C(=O)N1CCCC[C@H]1C(=O)O)c1ccccc1
ZINC19283196; 0.793; CC[C@H](C(=O)N1CCCC[C@@H]1C(=O)O)c1ccccc1
ZINC19514462; 0.792; O=C(N[C@@H](C(=O)O)Cc1ccccc1)C[C@@H]1CCC=C1
ZINC41303103; 0.791; OC(=O)C(Cc1ccccc1C)NC(=O)C(C)C
ZINC97035880; 0.790; CC[C@H](C(=O)O)NC(=O)[C@@H](c1ccccc1)C(C)C
ZINC41303209; 0.790; CCC(=O)N[C@@H](C(=O)O)Cc1cc(C)ccc1C
ZINC41433888; 0.789; OC(=O)[C@@H](Cc1ccc(cc1)F)NC(=O)C1CCCC1
ZINC22143440; 0.789; OC(=O)C(Cc1ccccc1)NC(=O)C1CCCC1
ZINC41350809; 0.789; CCc1ccc(cc1)C[C@H](C(=O)O)NC(=O)C1CC1
ZINC51966959; 0.788; OC(=O)[C@@H]1CCCCN1C(=O)CCc1ccccc1C
ZINC11890277; 0.788; CC(CC(C(=O)O)NC(=O)CCc1ccccc1)C
ZINC22143442; 0.787; OC(=O)[C@H](Cc1ccccc1)NC(=O)C1CCCC1
ZINC41465937; 0.787; OC(=O)C(Cc1ccc(cc1)C(C)(C)C)NC(=O)C1CC1
ZINC41465935; 0.787; OC(=O)C(Cc1ccc(cc1)C(C)(C)C)NC(=O)C1CC1
ZINC95502119; 0.787; O=C(C1CCN(CC1)C(=O)C1CCC1)NC(C(=O)O)Cc1ccccc1
ZINC97050058; 0.786; OC(=O)[C@H]1CCCCN1C(=O)C[C@@H](c1ccccc1)C
ZINC41532580; 0.786; COc1cccc(c1)C[C@H](C(=O)O)NC(=O)C1CCCCC1
ZINC01081330; 0.785; O=C(N[C@@]1(CCc2c(C1)cccc2)C(=O)O)OC(C)(C)C
ZINC38036046; 0.785; O=C(Cc1ccc(cc1)Br)N[C@H](C(=O)O)C1CCCCC1
ZINC20027478; 0.784; OC(=O)C1CCCCN1C(=O)Cc1ccc2c(c1)cccc2
ZINC41412943; 0.784; OC(=O)C(Cc1cccc(c1)C)NC(=O)C1CCCC1
ZINC41412941; 0.784; OC(=O)C(Cc1cccc(c1)C)NC(=O)C1CCCC1
ZINC33449310; 0.784; O=C(C(c1ccccc1)Cc1ccccc1)NC(C(=O)O)C
ZINC33449309; 0.784; O=C(C(c1ccccc1)Cc1ccccc1)NC(C(=O)O)C
ZINC33449308; 0.784; O=C(C(c1ccccc1)Cc1ccccc1)NC(C(=O)O)C
ZINC41485588; 0.783; OC(=O)[C@@H](Cc1ccccc1Cl)NC(=O)C1CCCC1
ZINC21963005; 0.783; OC(=O)[C@@H](Cc1ccccc1)NC(=O)C1CCC1
ZINC05180382; 0.783; O=C(N1CCCCCC1)NC(C(=O)O)Cc1ccccc1
ZINC20027477; 0.782; OC(=O)[C@@H]1CCCCN1C(=O)Cc1ccc2c(c1)cccc2
ZINC41350806; 0.782; CCc1ccc(cc1)C[C@@H](C(=O)O)NC(=O)C1CC1
ZINC71647949; 0.781; CC(=O)N[C@@H](C(=O)O)Cc1c(C)cc(cc1C)C(C)(C)C
ZINC71647948; 0.781; CC(=O)NC(C(=O)O)Cc1c(C)cc(cc1C)C(C)(C)C
ZINC19283199; 0.780; CC[C@@H](C(=O)N1CCCC[C@H]1C(=O)O)c1ccccc1
ZINC19283057; 0.780; CCC(C(c1ccccc1)C(=O)NC(C(=O)O)C)C
ZINC95531262; 0.779; O=C([C@]1(CC1(C)C)c1ccc(cc1)F)NC1(CCCC1)C(=O)O
ZINC13168195; 0.779; O=C(NC1(CCCCC1)C(=O)O)CCc1ccccc1
ZINC19514466; 0.778; O=C(N[C@@H](C(=O)O)Cc1ccccc1)C[C@H]1CCC=C1
ZINC62457178; 0.778; CC[C@H](C(=O)O)NC(=O)CCCc1ccc2c(c1)cccc2
ZINC22220592; 0.778; CC[C@H](C(=O)N[C@@H](C(=O)O)Cc1ccccc1)C
ZINC71595413; 0.777; CCCCc1ccc(cc1)C[C@@H](C(=O)O)NC(=O)C
ZINC22143094; 0.777; CC1CC1C(=O)NC(C(=O)O)Cc1ccccc1
ZINC22143086; 0.777; CC1CC1C(=O)NC(C(=O)O)Cc1ccccc1
ZINC97050015; 0.776; OC(=O)[C@H]1CCCCN1C(=O)[C@@H]1C[C@H]1c1ccccc1C
ZINC41485596; 0.776; OC(=O)[C@@H](Cc1ccc(cc1)Cl)NC(=O)C1CCCC1
ZINC97050013; 0.776; OC(=O)C1CCCCN1C(=O)C1CC1c1ccccc1C
ZINC41298965; 0.776; OC(=O)C(Cc1ccccc1C)NC(=O)C1CC1
ZINC35390307; 0.776; O=C(Cc1ccccc1C)NC(C(C)(C)C)C(=O)O
ZINC38036018; 0.776; O=C(Cc1ccc(cc1)F)N[C@H](C(=O)O)C1CCCCC1
ZINC38036236; 0.775; O=C(Cc1ccc(cc1)Cl)N[C@H](C(=O)O)C1CCCCC1
ZINC97035879; 0.775; CC[C@@H](C(=O)O)NC(=O)[C@@H](c1ccccc1)C(C)C
ZINC38015444; 0.775; CCN(C(=O)C1(CCCC1)c1ccccc1)CC(=O)O
ZINC19275141; 0.774; OC(=O)[C@H]1CCCCN1C(=O)Cc1ccccc1C
ZINC62457359; 0.773; O=C(NC(C(=O)O)(C)C)CCCc1ccc(cc1C)C
ZINC38020341; 0.773; CCCN(C(=O)C1(CCC1)c1ccccc1)CC(=O)O
ZINC76446068; 0.773; CC(=O)NC(C(=O)O)Cc1ccc(cc1C)C(C)(C)C
ZINC22152462; 0.772; OC(=O)[C@H]1Cc2ccccc2CN1C(=O)CC1CCCC1
ZINC41497248; 0.772; OC(=O)[C@@H](NC(=O)c1ccccc1C)Cc1ccccc1C
ZINC19273239; 0.771; CC[C@@H](c1ccccc1)C(=O)N[C@H](C(=O)O)C(C)C
ZINC19283064; 0.771; CC[C@@H]([C@@H](c1ccccc1)C(=O)N[C@H](C(=O)O)C)C
ZINC22152285; 0.770; OC(=O)[C@@H]1Cc2ccccc2CN1C(=O)C1CCCCC1
ZINC22152459; 0.770; OC(=O)C1Cc2ccccc2CN1C(=O)CC1CCCC1
ZINC95969959; 0.770; OC(=O)C1(NC(=O)C2CC2)Cc2c(C1)cccc2
ZINC19514464; 0.770; O=C(N[C@H](C(=O)O)Cc1ccccc1)C[C@@H]1CCC=C1
ZINC04899436; 0.770; O=C(NC(C(=O)O)Cc1ccccc1)Cc1ccccc1
ZINC19514468; 0.769; O=C(N[C@H](C(=O)O)Cc1ccccc1)C[C@H]1CCC=C1
ZINC41532574; 0.769; COc1ccccc1C[C@H](C(=O)O)NC(=O)C1CCCCC1
ZINC41356233; 0.769; CCC(=O)N[C@@H](C(=O)O)Cc1ccc(cc1)C(C)C
ZINC76677455; 0.769; CC(CNC(=O)[C@H](c1ccccc1C)CC(=O)O)C
ZINC22152289; 0.768; OC(=O)[C@H]1Cc2ccccc2CN1C(=O)C1CCCCC1
ZINC41433882; 0.768; OC(=O)C(Cc1ccccc1F)NC(=O)C1CCCC1
ZINC28260235; 0.765; SC[C@@H](C(=O)N1Cc2ccccc2C[C@H]1C(=O)O)C
ZINC59962086; 0.765; OC(=O)C(Cc1ccc(c(c1)C)C)NC(=O)C1CC1
ZINC59905852; 0.765; OC(=O)C(Cc1ccc(c(c1)C)C)NC(=O)C1CC1
ZINC19803400; 0.765; CCC(C(C(=O)N1CCCC1C(=O)O)c1ccccc1)C
ZINC41497251; 0.764; OC(=O)[C@H](NC(=O)c1ccccc1C)Cc1ccccc1C
ZINC22053708; 0.764; O=C([C@@H]1CC[C@H](CC1)C(C)(C)C)N[C@@H](C(=O)O)Cc1ccccc1
ZINC22154959; 0.764; O=C(N1Cc2ccccc2C[C@@H]1C(=O)O)C1CCCC1
ZINC22053702; 0.764; O=C(C1CCC(CC1)C(C)(C)C)NC(C(=O)O)Cc1ccccc1
ZINC05770740; 0.763; NC(=O)N[C@@H](C(=O)O)Cc1cccc2c1CCCC2
ZINC95503416; 0.762; O=C(C1CCN(CC1)C(=O)C1CC1)N[C@@H](C(=O)O)Cc1ccc(cc1)F
ZINC05273598; 0.760; O=C(N[C@@H](C(=O)O)Cc1ccccc1)Cc1ccccc1
ZINC41517835; 0.760; CCc1ccc(cc1)C[C@@H](C(=O)O)NC(=O)C1CCCCC1
ZINC21963009; 0.759; OC(=O)[C@H](Cc1ccccc1)NC(=O)C1CCC1
ZINC20431015; 0.759; O=C(N[C@H](C(=O)O)C(C)C)CCCc1ccccc1
ZINC20431014; 0.759; O=C(NC(C(=O)O)C(C)C)CCCc1ccccc1
ZINC41532592; 0.759; CCOc1ccc(cc1)C[C@H](C(=O)O)NC(=O)C1CCCC1
ZINC76528476; 0.758; OC(=O)CC[C@]1(CCC(=O)NC1)c1c(C)cc(cc1C)C
ZINC33449311; 0.758; O=C([C@@H](c1ccccc1)Cc1ccccc1)N[C@H](C(=O)O)C
ZINC41483259; 0.757; COCCC(=O)N[C@@H](C(=O)O)Cc1c(C)cc(cc1C)C
ZINC19803403; 0.757; CC[C@@H]([C@H](C(=O)N1CCC[C@@H]1C(=O)O)c1ccccc1)C
ZINC41303205; 0.757; CCC(=O)N[C@H](C(=O)O)Cc1cc(C)ccc1C
ZINC97050016; 0.756; OC(=O)[C@H]1CCCCN1C(=O)[C@@H]1C[C@@H]1c1ccccc1C
ZINC62456447; 0.756; O=C(NC(C(=O)O)(C)C)CCCc1ccc(c(c1)C)C
ZINC71564241; 0.756; CC(=O)N[C@H](C(=O)O)Cc1cc(C)c(cc1C)C
ZINC71564242; 0.756; CC(=O)NC(C(=O)O)Cc1cc(C)c(cc1C)C
ZINC38015215; 0.755; CC[C@H]([C@@H](C(=O)N(CC(=O)O)CC)c1ccccc1)C
ZINC01600606; 0.754; CCCCC(C(=O)O)NC(=O)Cc1ccccc1
ZINC76438116; 0.753; OC(=O)C[C@]1(CCCNC1=O)c1c(C)cc(cc1C)C
ZINC38036048; 0.753; O=C(Cc1ccccc1F)N[C@@H](C1CCCCC1)C(=O)O
ZINC41532613; 0.753; COc1ccc(cc1CC(C(=O)O)NC(=O)C1CCCC1)C
ZINC41532610; 0.753; COc1ccc(cc1CC(C(=O)O)NC(=O)C1CCCC1)C
ZINC41429816; 0.753; CCCC(=O)N[C@H](C(=O)O)Cc1ccc(cc1)C(C)C
ZINC76446065; 0.753; CC(=O)N[C@H](C(=O)O)Cc1ccc(cc1C)C(C)(C)C
ZINC13599902; 0.752; SC[C@H](C(=O)N1Cc2ccccc2C[C@H]1C(=O)O)C
ZINC76811607; 0.752; OC(=O)C[C@@H](c1ccccc1C)C(=O)NC1CCCCC1
ZINC87493597; 0.752; OC(=O)CN1CCCC(C1=O)(c1ccccc1)c1ccccc1
ZINC38036206; 0.752; O=C(Cc1ccccc1Cl)N[C@@H](C1CCCCC1)C(=O)O
ZINC78803075; 0.752; O=C(C1(CCOCC1)c1ccc(cc1)F)NC1(CCCCC1)C(=O)O
ZINC41532571; 0.752; COc1ccccc1C[C@@H](C(=O)O)NC(=O)C1CCCCC1
ZINC95399174; 0.752; CCCC(=O)N1CCC(CC1)C(=O)N[C@H](C(=O)O)Cc1ccccc1
ZINC41429810; 0.752; CC(C(=O)N[C@H](C(=O)O)Cc1ccc(cc1)C(C)C)C
ZINC00533711; 0.751; OC(=O)[C@@H](NC(=O)N1CCCC[C@@H]1C)Cc1ccccc1
ZINC80343804; 0.751; CC[C@@H](c1ccccc1)CNC(=O)[C@@H]1CCCC[C@@H]1C(=O)O
ZINC19257307; 0.751; CC[C@@H]([C@H](C(=O)O)NC(=O)CCc1ccccc1)C
ZINC97050011; 0.750; OC(=O)[C@H]1CCCCN1C(=O)[C@H]1C[C@H]1c1ccccc1C
ZINC76536994; 0.750; COc1ccc(c(c1C)C)CC(C(=O)O)NC(=O)C1CC1
ZINC62456701; 0.749; O=C(N[C@@H](C(=O)O)C(C)C)CCCc1ccc2c(c1)CCCC2
ZINC02041810; 0.749; COc1cc(C)c(c(c1)OC)C[C@H](C(=O)O)NC(=O)C1CCCCC1
ZINC72277078; 0.748; O=C(NC1(CCCCC1)C(=O)O)CCC(=O)c1ccccc1
ZINC05770735; 0.748; NC(=O)N[C@H](C(=O)O)Cc1cccc2c1CCCC2
ZINC76536991; 0.748; COc1ccc(c(c1C)C)C[C@@H](C(=O)O)NC(=O)C1CC1
ZINC76438269; 0.747; O=C(C1(CCCC1)CC(=O)O)NCCc1ccccc1
ZINC19803402; 0.747; CC[C@H]([C@H](C(=O)N1CCC[C@@H]1C(=O)O)c1ccccc1)C
ZINC97050060; 0.746; OC(=O)[C@H]1CCCCN1C(=O)C[C@H](c1ccccc1)C
ZINC34202521; 0.746; OC(=O)[C@@H]1CCCN1C(=O)CCCc1ccccc1
ZINC41412947; 0.746; OC(=O)C(Cc1ccc(cc1)C)NC(=O)C1CCCC1
ZINC41412945; 0.746; OC(=O)C(Cc1ccc(cc1)C)NC(=O)C1CCCC1
ZINC62458878; 0.746; O=C(NC(C(=O)O)(C)C)CCCc1c(C)cc(cc1C)C
ZINC41434092; 0.746; COCCC(=O)N[C@H](C(=O)O)Cc1cc(C)ccc1C
ZINC13168222; 0.745; O=C(Cc1ccc(cc1)F)NC1(CCCCC1)C(=O)O
ZINC41265412; 0.745; CCC(=O)N[C@H](C(=O)O)Cc1ccccc1C
ZINC04241032; 0.744; O=C(N1CCC[C@]1(Cc1ccccc1C)C(=O)O)OC(C)(C)C
ZINC80343811; 0.744; CC[C@@H](c1ccccc1)CNC(=O)[C@H]1CCCC[C@@H]1C(=O)O
ZINC22238850; 0.744; CCC(C(C(=O)O)NC(=O)Cc1cccc2c1cccc2)C
ZINC22238849; 0.744; CCC(C(C(=O)O)NC(=O)Cc1cccc2c1cccc2)C
ZINC22238848; 0.744; CCC(C(C(=O)O)NC(=O)Cc1cccc2c1cccc2)C
ZINC38015214; 0.744; CCC(C(C(=O)N(CC(=O)O)CC)c1ccccc1)C
ZINC16754023; 0.743; OC(=O)C(Cc1ccc(cc1)O)NC(=O)C12CC3CC(C2)CC(C1)C3
ZINC28260223; 0.742; SC[C@@H](C(=O)N1Cc2ccccc2C[C@@H]1C(=O)O)C
ZINC22211682; 0.742; OC(=O)[C@@H]1CCCCN1C(=O)CCc1ccccc1
ZINC95424787; 0.742; O=C(C1CC(=O)N(C1)CC1CC1)NC(C(=O)O)(Cc1ccccc1)C
ZINC95424786; 0.742; O=C(C1CC(=O)N(C1)CC1CC1)NC(C(=O)O)(Cc1ccccc1)C
ZINC95424785; 0.742; O=C(C1CC(=O)N(C1)CC1CC1)NC(C(=O)O)(Cc1ccccc1)C
ZINC95424784; 0.742; O=C(C1CC(=O)N(C1)CC1CC1)NC(C(=O)O)(Cc1ccccc1)C
ZINC41380602; 0.742; COCCC(=O)N[C@H](C(=O)O)Cc1ccccc1C
ZINC22238631; 0.742; CC[C@H]([C@@H](C(=O)O)NC(=O)Cc1ccc2c(c1)cccc2)C
ZINC19394661; 0.742; CC[C@H]([C@@H](C(=O)N(CC(=O)O)C)c1ccccc1)C
ZINC22238632; 0.742; CCC(C(C(=O)O)NC(=O)Cc1ccc2c(c1)cccc2)C
ZINC22238629; 0.742; CCC(C(C(=O)O)NC(=O)Cc1ccc2c(c1)cccc2)C
ZINC41303141; 0.742; CCC(=O)N[C@@H](C(=O)O)Cc1ccc(cc1)CC
ZINC11890251; 0.742; CC(C[C@@H](C(=O)O)NC(=O)Cc1ccccc1)C
ZINC22154955; 0.741; O=C(N1Cc2ccccc2C[C@H]1C(=O)O)C1CCCC1
ZINC13454210; 0.740; OC(=O)[C@@H](N1C(=O)[C@@H]2[C@H](C1=O)[C@@H]1c3c([C@H]2c2c1cccc2)cccc3)Cc1ccccc1
ZINC13168475; 0.740; O=C(NC1(CCCCC1)C(=O)O)Cc1ccccc1F
ZINC13168276; 0.740; O=C(Cc1ccc(cc1)Br)NC1(CCCCC1)C(=O)O
ZINC41303135; 0.740; CCCC(=O)N[C@@H](C(=O)O)Cc1ccc(cc1)C
ZINC22238886; 0.740; CC(C[C@H](C(=O)O)NC(=O)Cc1cccc2c1cccc2)C
ZINC71595418; 0.739; CC[C@@H](c1ccc(cc1)C[C@@H](C(=O)O)NC(=O)C)C
ZINC62457174; 0.739; CC[C@@H](C(=O)O)NC(=O)CCCc1ccc2c(c1)cccc2
ZINC41356225; 0.738; CCc1ccc(cc1)CC(C(=O)O)NC(=O)C(C)C
ZINC41356223; 0.738; CCc1ccc(cc1)CC(C(=O)O)NC(=O)C(C)C
ZINC38015213; 0.738; CC[C@H]([C@H](C(=O)N(CC(=O)O)CC)c1ccccc1)C
ZINC11890246; 0.738; CC(C[C@H](C(=O)O)NC(=O)Cc1ccccc1)C
ZINC51966957; 0.737; OC(=O)[C@H]1CCCCN1C(=O)CCc1ccccc1C
ZINC76528480; 0.737; OC(=O)CC[C@@]1(CCC(=O)NC1)c1c(C)cc(cc1C)C
ZINC08448198; 0.736; OC(=O)[C@H](N1C(=O)[C@@H]2[C@H](C1=O)[C@@H]1c3c([C@H]2c2c1cccc2)cccc3)Cc1ccccc1
ZINC00533712; 0.736; OC(=O)[C@@H](NC(=O)N1CCCC[C@H]1C)Cc1ccccc1
ZINC13168239; 0.736; O=C(Cc1ccc(cc1)Cl)NC1(CCCCC1)C(=O)O
ZINC41356227; 0.736; CCCC(=O)N[C@H](C(=O)O)Cc1ccc(cc1)CC
ZINC13168368; 0.735; O=C(NC1(CCCCC1)C(=O)O)Cc1ccccc1Cl
ZINC19403850; 0.735; O=C(Cc1ccccc1C)N[C@@H](C(=O)O)C(C)C
ZINC57548688; 0.734; OC(=O)[C@@H](N1CCCCC1)Cc1cccc(c1C)C
ZINC76438119; 0.734; OC(=O)C[C@@]1(CCCNC1=O)c1c(C)cc(cc1C)C
ZINC04262326; 0.734; O=C(N[C@]1(CCc2c(C1)cccc2)C(=O)O)OC(C)(C)C
ZINC04017380; 0.734; CC([C@H](N1C(=O)[C@@H]2[C@H](C1=O)[C@@H]1c3c([C@H]2c2c1cccc2)cccc3)C(=O)O)C
ZINC34790029; 0.733; OC(=O)[C@H]1C[C@H]2[C@H](N1C(=O)Cc1ccccc1)CCCC2
ZINC08448196; 0.733; OC(=O)[C@@H](N1C(=O)[C@@H]2[C@H](C1=O)[C@@H]1c3c([C@H]2c2c1cccc2)cccc3)Cc1ccccc1
ZINC19803721; 0.733; OC(=O)C1CC2C(N1C(=O)Cc1ccccc1)CCCC2
